"Address","Occurrences","Indexability","Indexability Status","Canonical Link Element 1","HTTP Canonical","Meta Robots 1","X-Robots-Tag 1","rel=""next"" 1","rel=""prev"" 1","HTTP rel=""next"" 1","HTTP rel=""prev"" 1"
"https://familyvest-site-i2mbk0hmw-amnfaardvarks-projects.vercel.app/","1","Non-Indexable","Canonicalised,noindex","https://familyvest.com/","","index, follow","noindex","","","",""
"https://familyvest-site-i2mbk0hmw-amnfaardvarks-projects.vercel.app/privacy","1","Non-Indexable","Canonicalised,noindex","https://familyvest.com/privacy","","index, follow","noindex","","","",""
"https://familyvest-site-i2mbk0hmw-amnfaardvarks-projects.vercel.app/about","1","Non-Indexable","Canonicalised,noindex","https://familyvest.com/about","","index, follow","noindex","","","",""
"https://familyvest-site-i2mbk0hmw-amnfaardvarks-projects.vercel.app/blog","1","Non-Indexable","Canonicalised,noindex","https://familyvest.com/blog","","index, follow","noindex","","","",""
"https://familyvest-site-i2mbk0hmw-amnfaardvarks-projects.vercel.app/planning-special-needs","1","Non-Indexable","Canonicalised,noindex","https://familyvest.com/planning-special-needs","","index, follow","noindex","","","",""
"https://familyvest-site-i2mbk0hmw-amnfaardvarks-projects.vercel.app/planning-business-exits","1","Non-Indexable","Canonicalised,noindex","https://familyvest.com/planning-business-exits","","index, follow","noindex","","","",""
"https://familyvest-site-i2mbk0hmw-amnfaardvarks-projects.vercel.app/planning","1","Non-Indexable","Canonicalised,noindex","https://familyvest.com/planning","","index, follow","noindex","","","",""
"https://familyvest-site-i2mbk0hmw-amnfaardvarks-projects.vercel.app/disclosures","1","Non-Indexable","Canonicalised,noindex","https://familyvest.com/disclosures","","index, follow","noindex","","","",""
"https://familyvest-site-i2mbk0hmw-amnfaardvarks-projects.vercel.app/planning-retirement","1","Non-Indexable","Canonicalised,noindex","https://familyvest.com/planning-retirement","","index, follow","noindex","","","",""
"https://familyvest-site-i2mbk0hmw-amnfaardvarks-projects.vercel.app/terms","1","Non-Indexable","Canonicalised,noindex","https://familyvest.com/terms","","index, follow","noindex","","","",""
"https://familyvest-site-i2mbk0hmw-amnfaardvarks-projects.vercel.app/contact","1","Non-Indexable","Canonicalised,noindex","https://familyvest.com/contact","","index, follow","noindex","","","",""
"https://familyvest-site-i2mbk0hmw-amnfaardvarks-projects.vercel.app/investment-management","1","Non-Indexable","Canonicalised,noindex","https://familyvest.com/investment-management","","index, follow","noindex","","","",""
"https://familyvest-site-i2mbk0hmw-amnfaardvarks-projects.vercel.app/adv","1","Non-Indexable","Canonicalised,noindex","https://familyvest.com/adv","","index, follow","noindex","","","",""
"https://familyvest-site-i2mbk0hmw-amnfaardvarks-projects.vercel.app/get-started","1","Non-Indexable","Canonicalised,noindex","https://familyvest.com/get-started","","index, follow","noindex","","","",""
"https://familyvest-site-i2mbk0hmw-amnfaardvarks-projects.vercel.app/autism-resource-navigator","1","Non-Indexable","Canonicalised,noindex","https://familyvest.com/autism-resource-navigator","","index, follow, max-snippet:-1, max-image-preview:large","noindex","","","",""
