"Site Crawled","https://familyvest-site-i2mbk0hmw-amnfaardvarks-projects.vercel.app/"
"Start Date","2026-03-03"
"Start Time","14:02:29"
"Last Modified Date","2026-03-03"
"Last Modified Time","14:05:50"
"Elapsed","00:03:20"
"Report Date","2026-03-03"
"Report Time","14:05:50"
""
"Summary","URLs","% of Total","Total URLs","Total URLs Description"
"Total URLs Encountered","774","100.00%","774","URLs Encountered"
"Total URLs Crawled","770","99.48%","774","URLs Encountered"
"Total Internal blocked by robots.txt","1","0.13%","774","URLs Encountered"
"Total External blocked by robots.txt","3","0.39%","774","URLs Encountered"
""
"URLs Displayed","774","100.00%","774","URLs Displayed"
"Total Internal URLs","20","2.58%","774","URLs Displayed"
"Total External URLs","754","97.42%","774","URLs Displayed"
"Total Internal Indexable URLs","0","0.00%","774","URLs Displayed"
"Total Internal Non-Indexable URLs","20","2.58%","774","URLs Displayed"
""
"Internal"
"All","20","100.00%","20","Internal URLs"
"HTML","19","95.00%","20","Internal URLs"
"JavaScript","0","0.00%","20","Internal URLs"
"CSS","0","0.00%","20","Internal URLs"
"Images","0","0.00%","20","Internal URLs"
"Media","0","0.00%","20","Internal URLs"
"Fonts","0","0.00%","20","Internal URLs"
"XML","0","0.00%","20","Internal URLs"
"PDF","0","0.00%","20","Internal URLs"
"Plugins","0","0.00%","20","Internal URLs"
"Other","0","0.00%","20","Internal URLs"
"Unknown","1","5.00%","20","Internal URLs"
""
"External"
"All","754","100.00%","754","External URLs"
"HTML","716","94.96%","754","External URLs"
"JavaScript","3","0.40%","754","External URLs"
"CSS","4","0.53%","754","External URLs"
"Images","0","0.00%","754","External URLs"
"Media","0","0.00%","754","External URLs"
"Fonts","0","0.00%","754","External URLs"
"XML","0","0.00%","754","External URLs"
"PDF","0","0.00%","754","External URLs"
"Plugins","0","0.00%","754","External URLs"
"Other","28","3.71%","754","External URLs"
"Unknown","3","0.40%","754","External URLs"
""
"Security"
"All","20","100.00%","20","All internal and non-HTML external URLs"
"HTTP URLs","0","0.00%","20","All internal and non-HTML external URLs"
"HTTPS URLs","20","100.00%","20","All internal and non-HTML external URLs"
"Mixed Content","0","0.00%","20","All internal and non-HTML external URLs"
"Form URL Insecure","0","0.00%","20","All internal and non-HTML external URLs"
"Form on HTTP URL","0","0.00%","20","All internal and non-HTML external URLs"
"Unsafe Cross-Origin Links","0","0.00%","20","All internal and non-HTML external URLs"
"Protocol-Relative Resource Links","0","0.00%","20","All internal and non-HTML external URLs"
"Missing HSTS Header","0","0.00%","20","All internal and non-HTML external URLs"
"Missing Content-Security-Policy Header","15","75.00%","20","All internal and non-HTML external URLs"
"Missing X-Content-Type-Options Header","0","0.00%","20","All internal and non-HTML external URLs"
"Missing X-Frame-Options Header","0","0.00%","20","All internal and non-HTML external URLs"
"Missing Secure Referrer-Policy Header","0","0.00%","20","All internal and non-HTML external URLs"
"Bad Content Type","0","0.00%","20","All internal and non-HTML external URLs"
""
"Response Codes"
"All","774","100.00%","774","All Internal & External Crawled URLs"
"Blocked by Robots.txt","4","0.52%","774","All Internal & External Crawled URLs"
"Blocked Resource","0","0.00%","774","All Internal & External Crawled URLs"
"No Response","18","2.33%","774","All Internal & External Crawled URLs"
"Success (2xx)","625","80.75%","774","All Internal & External Crawled URLs"
"Redirection (3xx)","84","10.85%","774","All Internal & External Crawled URLs"
"Redirection (JavaScript)","0","0.00%","774","All Internal & External Crawled URLs"
"Redirection (Meta Refresh)","0","0.00%","774","All Internal & External Crawled URLs"
"Redirection (HTTP Refresh)","0","0.00%","774","All Internal & External Crawled URLs"
"Client Error (4xx)","43","5.56%","774","All Internal & External Crawled URLs"
"Server Error (5xx)","0","0.00%","774","All Internal & External Crawled URLs"
"Internal All","20","2.58%","774","All Internal Crawled URLs"
"Internal Blocked by Robots.txt","1","0.13%","774","All Internal Crawled URLs"
"Internal Blocked Resource","0","0.00%","774","All Internal Crawled URLs"
"Internal No Response","0","0.00%","774","All Internal Crawled URLs"
"Internal Success (2xx)","15","1.94%","774","All Internal Crawled URLs"
"Internal Redirection (3xx)","0","0.00%","774","All Internal Crawled URLs"
"Internal Redirection (JavaScript)","0","0.00%","774","All Internal Crawled URLs"
"Internal Redirection (Meta Refresh)","0","0.00%","774","All Internal Crawled URLs"
"Internal Redirection (HTTP Refresh)","0","0.00%","774","All Internal Crawled URLs"
"Internal Redirect Chain","0","0.00%","774","All Internal Crawled URLs"
"Internal Redirect Loop","0","0.00%","774","All Internal Crawled URLs"
"Internal Client Error (4xx)","4","0.52%","774","All Internal Crawled URLs"
"Internal Server Error (5xx)","0","0.00%","774","All Internal Crawled URLs"
"External All","754","97.42%","774","All External Crawled URLs"
"External Blocked by Robots.txt","3","0.39%","774","All External Crawled URLs"
"External Blocked Resource","0","0.00%","774","All External Crawled URLs"
"External No Response","18","2.33%","774","All External Crawled URLs"
"External Success (2xx)","610","78.81%","774","All External Crawled URLs"
"External Redirection (3xx)","84","10.85%","774","All External Crawled URLs"
"External Redirection (JavaScript)","0","0.00%","774","All External Crawled URLs"
"External Redirection (Meta Refresh)","0","0.00%","774","All External Crawled URLs"
"External Redirection (HTTP Refresh)","0","0.00%","774","All External Crawled URLs"
"External Client Error (4xx)","39","5.04%","774","All External Crawled URLs"
"External Server Error (5xx)","0","0.00%","774","All External Crawled URLs"
""
"URL"
"All","20","100.00%","20","Internal URLs"
"Non ASCII Characters","0","0.00%","20","Internal URLs"
"Underscores","0","0.00%","20","Internal URLs"
"Uppercase","0","0.00%","20","Internal URLs"
"Multiple Slashes","0","0.00%","20","Internal URLs"
"Repetitive Path","0","0.00%","20","Internal URLs"
"Contains Space","0","0.00%","20","Internal URLs"
"Internal Search","0","0.00%","20","Internal URLs"
"Parameters","0","0.00%","20","Internal URLs"
"Broken Bookmark","0","0.00%","20","Internal URLs"
"GA Tracking Parameters","0","0.00%","20","Internal URLs"
"Over 115 Characters","0","0.00%","20","Internal URLs"
""
"Page Titles"
"All","15","100.00%","15","Internal HTML pages with 2xx response"
"Missing","0","0.00%","15","Internal HTML pages with 2xx response"
"Duplicate","0","0.00%","15","Internal HTML pages with 2xx response"
"Over 60 Characters","0","0.00%","15","Internal HTML pages with 2xx response"
"Below 30 Characters","0","0.00%","15","Internal HTML pages with 2xx response"
"Over 561 Pixels","0","0.00%","15","Internal HTML pages with 2xx response"
"Below 200 Pixels","0","0.00%","15","Internal HTML pages with 2xx response"
"Same as H1","0","0.00%","15","Internal HTML pages with 2xx response"
"Multiple","0","0.00%","15","Internal HTML pages with 2xx response"
"Outside <head>","0","0.00%","15","Internal HTML pages with 2xx response"
""
"Meta Description"
"All","15","100.00%","15","Internal HTML pages with 2xx response"
"Missing","0","0.00%","15","Internal HTML pages with 2xx response"
"Duplicate","0","0.00%","15","Internal HTML pages with 2xx response"
"Over 155 Characters","0","0.00%","15","Internal HTML pages with 2xx response"
"Below 70 Characters","0","0.00%","15","Internal HTML pages with 2xx response"
"Over 985 Pixels","0","0.00%","15","Internal HTML pages with 2xx response"
"Below 400 Pixels","0","0.00%","15","Internal HTML pages with 2xx response"
"Multiple","0","0.00%","15","Internal HTML pages with 2xx response"
"Outside <head>","0","0.00%","15","Internal HTML pages with 2xx response"
""
"Meta Keywords"
"All","15","100.00%","15","Internal HTML pages with 2xx response"
"Missing","0","0.00%","15","Internal HTML pages with 2xx response"
"Duplicate","0","0.00%","15","Internal HTML pages with 2xx response"
"Multiple","0","0.00%","15","Internal HTML pages with 2xx response"
""
"H1"
"All","15","100.00%","15","Internal HTML pages with 2xx response"
"Missing","0","0.00%","15","Internal HTML pages with 2xx response"
"Duplicate","0","0.00%","15","Internal HTML pages with 2xx response"
"Over 70 Characters","0","0.00%","15","Internal HTML pages with 2xx response"
"Multiple","0","0.00%","15","Internal HTML pages with 2xx response"
"Alt Text in H1","0","0.00%","15","Internal HTML pages with 2xx response"
"Non-Sequential","0","0.00%","15","Internal HTML pages with 2xx response"
""
"H2"
"All","15","100.00%","15","Internal HTML pages with 2xx response"
"Missing","0","0.00%","15","Internal HTML pages with 2xx response"
"Duplicate","0","0.00%","15","Internal HTML pages with 2xx response"
"Over 70 Characters","0","0.00%","15","Internal HTML pages with 2xx response"
"Multiple","0","0.00%","15","Internal HTML pages with 2xx response"
"Non-Sequential","0","0.00%","15","Internal HTML pages with 2xx response"
""
"Content"
"All","15","100.00%","15","Internal HTML pages with 2xx response"
"Exact Duplicates","0","0.00%","15","Internal HTML pages with 2xx response"
"Near Duplicates","0","0.00%","15","Internal HTML pages with 2xx response"
"Semantically Similar","0","0.00%","15","Internal HTML pages with 2xx response"
"Low Relevance Content","0","0.00%","15","Internal HTML pages with 2xx response"
"Low Content Pages","0","0.00%","15","Internal HTML pages with 2xx response"
"Soft 404 Pages","0","0.00%","15","Internal HTML pages with 2xx response"
"Spelling Errors","0","0.00%","15","Internal HTML pages with 2xx response"
"Grammar Errors","0","0.00%","15","Internal HTML pages with 2xx response"
"Readability Difficult","0","0.00%","15","Internal HTML pages with 2xx response"
"Readability Very Difficult","0","0.00%","15","Internal HTML pages with 2xx response"
"Lorem Ipsum Placeholder","0","0.00%","15","Internal HTML pages with 2xx response"
""
"Images"
"All","0","0.00%","0","Images with 2xx response"
"Over 100 KB","0","0.00%","0","Images with 2xx response"
"Missing Alt Text","0","0.00%","0","Images with 2xx response"
"Missing Alt Attribute","0","0.00%","0","Images with 2xx response"
"Alt Text Over 100 Characters","0","0.00%","0","Images with 2xx response"
"Background Images","0","0.00%","0","Images with 2xx response"
"Incorrectly Sized Images","0","0.00%","0","Images with 2xx response"
"Missing Size Attributes","0","0.00%","0","Images with 2xx response"
""
"Canonicals"
"All","15","100.00%","15","Internal HTML or PDF pages with 2xx response"
"Contains Canonical","15","100.00%","15","Internal HTML or PDF pages with 2xx response"
"Self Referencing","0","0.00%","15","Internal HTML or PDF pages with 2xx response"
"Canonicalised","15","100.00%","15","Internal HTML or PDF pages with 2xx response"
"Missing","0","0.00%","15","Internal HTML or PDF pages with 2xx response"
"Multiple","0","0.00%","15","Internal HTML or PDF pages with 2xx response"
"Multiple Conflicting","0","0.00%","15","Internal HTML or PDF pages with 2xx response"
"Non-Indexable Canonical","15","100.00%","15","Internal HTML or PDF pages with 2xx response"
"Canonical Is Relative","0","0.00%","15","Internal HTML or PDF pages with 2xx response"
"Unlinked","0","0.00%","15","Internal HTML or PDF pages with 2xx response"
"Invalid Attribute In Annotation","0","0.00%","15","Internal HTML or PDF pages with 2xx response"
"Contains Fragment URL","0","0.00%","15","Internal HTML or PDF pages with 2xx response"
"Outside <head>","0","0.00%","15","Internal HTML or PDF pages with 2xx response"
""
"Pagination"
"All","15","100.00%","15","Internal HTML pages with 2xx response"
"Contains Pagination","0","0.00%","15","Internal HTML pages with 2xx response"
"First Page","0","0.00%","15","Internal HTML pages with 2xx response"
"Paginated 2+ Pages","0","0.00%","15","Internal HTML pages with 2xx response"
"Pagination URL Not in Anchor Tag","0","0.00%","15","Internal HTML pages with 2xx response"
"Non-200 Pagination URLs","0","0.00%","15","Internal HTML pages with 2xx response"
"Unlinked Pagination URLs","0","0.00%","15","Internal HTML pages with 2xx response"
"Non-Indexable","0","0.00%","15","Internal HTML pages with 2xx response"
"Multiple Pagination URLs","0","0.00%","15","Internal HTML pages with 2xx response"
"Pagination Loop","0","0.00%","15","Internal HTML pages with 2xx response"
"Sequence Error","0","0.00%","15","Internal HTML pages with 2xx response"
""
"Directives"
"All","15","100.00%","15","Internal URLs with 2xx response"
"Index","15","100.00%","15","Internal URLs with 2xx response"
"Noindex","15","100.00%","15","Internal URLs with 2xx response"
"Follow","15","100.00%","15","Internal URLs with 2xx response"
"Nofollow","0","0.00%","15","Internal URLs with 2xx response"
"None","0","0.00%","15","Internal URLs with 2xx response"
"NoArchive","0","0.00%","15","Internal URLs with 2xx response"
"NoSnippet","0","0.00%","15","Internal URLs with 2xx response"
"Max-Snippet","1","6.67%","15","Internal URLs with 2xx response"
"Max-Image-Preview","1","6.67%","15","Internal URLs with 2xx response"
"Max-Video-Preview","0","0.00%","15","Internal URLs with 2xx response"
"NoODP","0","0.00%","15","Internal URLs with 2xx response"
"NoYDIR","0","0.00%","15","Internal URLs with 2xx response"
"NoImageIndex","0","0.00%","15","Internal URLs with 2xx response"
"NoTranslate","0","0.00%","15","Internal URLs with 2xx response"
"Unavailable_After","0","0.00%","15","Internal URLs with 2xx response"
"Refresh","0","0.00%","19","Internal HTML pages with 2xx response"
"Outside <head>","0","0.00%","15","Internal URLs with 2xx response"
""
"Hreflang"
"All","15","100.00%","15","Internal pages with 2xx response"
"Contains hreflang","0","0.00%","15","Internal pages with 2xx response"
"Non-200 hreflang URLs","0","0.00%","15","Internal pages with 2xx response"
"Unlinked hreflang URLs","0","0.00%","15","Internal pages with 2xx response"
"Missing Return Links","0","0.00%","15","Internal pages with 2xx response"
"Inconsistent Language & Region Return Links","0","0.00%","15","Internal pages with 2xx response"
"Non-Canonical Return Links","0","0.00%","15","Internal pages with 2xx response"
"Noindex Return Links","0","0.00%","15","Internal pages with 2xx response"
"Incorrect Language & Region Codes","0","0.00%","15","Internal pages with 2xx response"
"Multiple Entries","0","0.00%","15","Internal pages with 2xx response"
"Missing Self Reference","0","0.00%","15","Internal pages with 2xx response"
"Not Using Canonical","0","0.00%","15","Internal pages with 2xx response"
"Missing X-Default","0","0.00%","15","Internal pages with 2xx response"
"Missing","0","0.00%","15","Internal pages with 2xx response"
"Outside <head>","0","0.00%","15","Internal pages with 2xx response"
""
"JavaScript"
"All","15","100.00%","15","Internal HTML pages with 2xx response"
"Pages with Blocked Resources","0","0.00%","15","Internal HTML pages with 2xx response"
"Contains JavaScript Links","0","0.00%","15","Internal HTML pages with 2xx response"
"Contains JavaScript Content","0","0.00%","15","Internal HTML pages with 2xx response"
"Noindex Only in Original HTML","0","0.00%","15","Internal HTML pages with 2xx response"
"Nofollow Only in Original HTML","0","0.00%","15","Internal HTML pages with 2xx response"
"Canonical Only in Rendered HTML","0","0.00%","15","Internal HTML pages with 2xx response"
"Canonical Mismatch","0","0.00%","15","Internal HTML pages with 2xx response"
"Page Title Only in Rendered HTML","0","0.00%","15","Internal HTML pages with 2xx response"
"Page Title Updated by JavaScript","0","0.00%","15","Internal HTML pages with 2xx response"
"Meta Description Only in Rendered HTML","0","0.00%","15","Internal HTML pages with 2xx response"
"Meta Description Updated by JavaScript","0","0.00%","15","Internal HTML pages with 2xx response"
"H1 Only in Rendered HTML","0","0.00%","15","Internal HTML pages with 2xx response"
"H1 Updated by JavaScript","0","0.00%","15","Internal HTML pages with 2xx response"
"Uses Old AJAX Crawling Scheme URLs","0","0.00%","15","Internal HTML pages with 2xx response"
"Uses Old AJAX Crawling Scheme Meta Fragment Tag","0","0.00%","15","Internal HTML pages with 2xx response"
"Pages with JavaScript Errors","0","0.00%","15","Internal HTML pages with 2xx response"
"Pages with JavaScript Warnings","0","0.00%","15","Internal HTML pages with 2xx response"
"Pages with Chrome Issues","0","0.00%","15","Internal HTML pages with 2xx response"
""
"Links"
"All","15","100.00%","15","Internal HTML pages with 2xx response"
"Pages With High Crawl Depth","0","0.00%","15","Internal HTML pages with 2xx response"
"Pages Without Internal Outlinks","0","0.00%","15","Internal HTML pages with 2xx response"
"Internal Nofollow Outlinks","0","0.00%","15","Internal HTML pages with 2xx response"
"Internal Outlinks With No Anchor Text","0","0.00%","15","Internal HTML pages with 2xx response"
"Non-Descriptive Anchor Text In Internal Outlinks","0","0.00%","15","Internal HTML pages with 2xx response"
"Pages With High External Outlinks","2","13.33%","15","Internal HTML pages with 2xx response"
"Pages With High Internal Outlinks","0","0.00%","15","Internal HTML pages with 2xx response"
"Follow & Nofollow Internal Inlinks To Page","0","0.00%","15","Internal HTML pages with 2xx response"
"Internal Nofollow Inlinks Only","0","0.00%","15","Internal HTML pages with 2xx response"
"Outlinks To Localhost","0","0.00%","15","Internal HTML pages with 2xx response"
"Non-Indexable Page Inlinks Only","0","0.00%","15","Internal HTML pages with 2xx response"
""
"AMP"
"All","0","0.00%","0","Internal AMP URLs"
"Non-200 Response","0","0.00%","19","Internal HTML URLs"
"Missing Non-AMP Return Link","0","0.00%","0","Internal AMP URLs"
"Missing Canonical to Non-AMP","0","0.00%","0","Internal AMP URLs"
"Non-Indexable Canonical","0","0.00%","0","Internal AMP URLs"
"Indexable","0","0.00%","0","Internal AMP URLs"
"Non-Indexable","0","0.00%","0","Internal AMP URLs"
"Missing <html amp> Tag","0","0.00%","19","Internal HTML URLs"
"Missing/Invalid <!doctype html> Tag","0","0.00%","0","Internal AMP URLs"
"Missing <head> Tag","0","0.00%","0","Internal AMP URLs"
"Missing <body> Tag","0","0.00%","0","Internal AMP URLs"
"Missing Canonical","0","0.00%","0","Internal AMP URLs"
"Missing/Invalid <meta charset> Tag","0","0.00%","0","Internal AMP URLs"
"Missing/Invalid <meta viewport> Tag","0","0.00%","0","Internal AMP URLs"
"Missing/Invalid AMP Script","0","0.00%","0","Internal AMP URLs"
"Missing/Invalid AMP Boilerplate","0","0.00%","0","Internal AMP URLs"
"Contains Disallowed HTML","0","0.00%","0","Internal AMP URLs"
"Other Validation Errors","0","0.00%","0","Internal AMP URLs"
""
"Structured Data"
"All","15","100.00%","15","Internal HTML pages with 2xx response"
"Contains Structured Data","0","0.00%","15","Internal HTML pages with 2xx response"
"Missing","0","0.00%","15","Internal HTML pages with 2xx response"
"Validation Errors","0","0.00%","15","Internal HTML pages with 2xx response"
"Validation Warnings","0","0.00%","15","Internal HTML pages with 2xx response"
"Rich Result Validation Errors","0","0.00%","15","Internal HTML pages with 2xx response"
"Rich Result Validation Warnings","0","0.00%","15","Internal HTML pages with 2xx response"
"Parse Errors","0","0.00%","15","Internal HTML pages with 2xx response"
"Microdata URLs","0","0.00%","15","Internal HTML pages with 2xx response"
"JSON-LD URLs","0","0.00%","15","Internal HTML pages with 2xx response"
"RDFa URLs","0","0.00%","15","Internal HTML pages with 2xx response"
"Rich Result Feature Detected","0","0.00%","15","Internal HTML pages with 2xx response"
""
"Sitemaps"
"All","20","100.00%","20","Internal HTML/XML pages"
"URLs in Sitemap","0","0.00%","20","Internal HTML/XML pages"
"URLs not in Sitemap","0","0.00%","20","Internal HTML/XML pages"
"Orphan URLs","0","0.00%","20","Internal HTML/XML pages"
"Non-Indexable URLs in Sitemap","0","0.00%","20","Internal HTML/XML pages"
"URLs in Multiple Sitemaps","0","0.00%","20","Internal HTML/XML pages"
"XML Sitemap with over 50k URLs","0","0.00%","20","Internal HTML/XML pages"
"XML Sitemap over 50MB","0","0.00%","20","Internal HTML/XML pages"
""
"PageSpeed"
"All","15","100.00%","15","Internal HTML URLs with 2xx response"
"Document Request Latency","0","0.00%","15","Internal HTML URLs with 2xx response"
"LCP Request Discovery","0","0.00%","15","Internal HTML URLs with 2xx response"
"Render Blocking Requests","0","0.00%","15","Internal HTML URLs with 2xx response"
"Network Dependency Tree","0","0.00%","15","Internal HTML URLs with 2xx response"
"Use Efficient Cache Lifetimes","0","0.00%","15","Internal HTML URLs with 2xx response"
"Layout Shift Culprits","0","0.00%","15","Internal HTML URLs with 2xx response"
"Optimize DOM Size","0","0.00%","15","Internal HTML URLs with 2xx response"
"Improve Image Delivery","0","0.00%","15","Internal HTML URLs with 2xx response"
"Forced Reflow","0","0.00%","15","Internal HTML URLs with 2xx response"
"Legacy JavaScript","0","0.00%","15","Internal HTML URLs with 2xx response"
"Duplicated JavaScript","0","0.00%","15","Internal HTML URLs with 2xx response"
"Font Display","0","0.00%","15","Internal HTML URLs with 2xx response"
"Avoid Enormous Network Payloads","0","0.00%","15","Internal HTML URLs with 2xx response"
"Minify CSS","0","0.00%","15","Internal HTML URLs with 2xx response"
"Minify JavaScript","0","0.00%","15","Internal HTML URLs with 2xx response"
"Reduce Unused CSS","0","0.00%","15","Internal HTML URLs with 2xx response"
"Reduce Unused JavaScript","0","0.00%","15","Internal HTML URLs with 2xx response"
"Reduce JavaScript Execution Time","0","0.00%","15","Internal HTML URLs with 2xx response"
"Minimize Main-Thread Work","0","0.00%","15","Internal HTML URLs with 2xx response"
"Request Errors","0","0.00%","15","Internal HTML URLs with 2xx response"
""
"Mobile"
"All","15","100.00%","15",""
"Viewport Not Set","0","0.00%","15",""
"Target Size","0","0.00%","15",""
"Content Not Sized Correctly","0","0.00%","15",""
"Illegible Font Size","0","0.00%","15",""
"Contains Unsupported Plugins","0","0.00%","15",""
"Mobile Alternate Link","0","0.00%","15",""
""
"Accessibility"
"All","15","100.00%","15",""
"Accessibility Score Poor","0","0.00%","15",""
"Accessibility Score Needs Improvement","0","0.00%","15",""
"Accessibility Score Good","0","0.00%","15",""
"WCAG 2.0 A Violation","0","0.00%","15",""
"WCAG 2.0 AA Violation","0","0.00%","15",""
"WCAG 2.0 AAA Violation","0","0.00%","15",""
"WCAG 2.1 AA Violation","0","0.00%","15",""
"WCAG 2.2 AA Violation","0","0.00%","15",""
"Best Practice Violation","0","0.00%","15",""
"Accesskey Attribute Value Must Be Unique","0","0.00%","15",""
"Ensure Elements Marked Presentational Are Ignored","0","0.00%","15",""
"Elements Must Not Have Tabindex Greater Than Zero","0","0.00%","15",""
"Scrollable Region Requires Keyboard Access","0","0.00%","15",""
"Skip-link Target Should Exist & Be Focusable","0","0.00%","15",""
"Required ARIA Attributes Must Be Provided","0","0.00%","15",""
"Role=text Should Have No Focusable Descendants","0","0.00%","15",""
"ARIA Attribute Must Be Used As Specified For Role","0","0.00%","15",""
"ARIA Attributes Require Valid Values","0","0.00%","15",""
"ARIA Attributes Require Valid Names","0","0.00%","15",""
"ARIA Commands Require Accessible Name","0","0.00%","15",""
"ARIA Dialog & Alertdialog Require Accessible Name","0","0.00%","15",""
"ARIA Input Fields Require Accessible Name","0","0.00%","15",""
"ARIA Meter Nodes Require Accessible Name","0","0.00%","15",""
"ARIA Progressbar Nodes Require Accessible Name","0","0.00%","15",""
"ARIA Role Should Be Appropriate For Element","0","0.00%","15",""
"ARIA Roles Must Be Contained By Required Parent","0","0.00%","15",""
"ARIA Roles Require Valid Values","0","0.00%","15",""
"ARIA Toggle Fields Require Accessible Name","0","0.00%","15",""
"ARIA Tooltip Nodes Require Accessible Name","0","0.00%","15",""
"ARIA Treeitem Nodes Require Accessible Name","0","0.00%","15",""
"Certain ARIA Roles Must Contain Specific Children","0","0.00%","15",""
"Deprecated ARIA Roles Must Not Be Used","0","0.00%","15",""
"Aria-braille Require Non-braille Equivalent","0","0.00%","15",""
"Aria-hidden Elements Contains Focusable Elements","0","0.00%","15",""
"Aria-hidden=true Must Not Be Used In <body>","0","0.00%","15",""
"Elements Must Only Use Permitted ARIA Attributes","0","0.00%","15",""
"Elements Must Use Allowed ARIA Attributes","0","0.00%","15",""
"IDs Used In ARIA & Labels Must Be Unique","0","0.00%","15",""
"Page Requires Means To Bypass Repeated Blocks","0","0.00%","15",""
"All Page Content Must Be Contained By Landmarks","0","0.00%","15",""
"Page Requires One Main Landmark","0","0.00%","15",""
"Page Must Not Have More Than One Banner Landmark","0","0.00%","15",""
"Banner Landmark Must Not Be In Another Landmark","0","0.00%","15",""
"Page Must Not Have Multiple Contentinfo Landmarks","0","0.00%","15",""
"Page Requires At Most One Main Landmark","0","0.00%","15",""
"Complementary Landmarks & Asides Must Be Top Level","0","0.00%","15",""
"Contentinfo Landmark Must Be Top Level Landmark","0","0.00%","15",""
"Main Landmark Must Not Be In Another Landmark","0","0.00%","15",""
"Landmarks Require Unique Role Or Accessible Name","0","0.00%","15",""
"Form Field Must Not Have Multiple Label Elements","0","0.00%","15",""
"Form <input> Elements Require Labels","0","0.00%","15",""
"Form Elements Should Have Visible Label","0","0.00%","15",""
"Autocomplete Attribute Must Be Used Correctly","0","0.00%","15",""
"Frames Require Title Attribute","0","0.00%","15",""
"Frames Require Unique Title Attribute","0","0.00%","15",""
"Frames Should Be Tested With axe-core","0","0.00%","15",""
"Frames With Focusable Content Must Not Use tabindex=-1","0","0.00%","15",""
"Page Must Contain <title>","0","0.00%","15",""
"Page Must Contain <h1>","0","0.00%","15",""
"Heading Levels Should Only Increase By One","0","0.00%","15",""
"Headings Should Not Be Empty","0","0.00%","15",""
"Meta Viewport Should Allow Zoom & Scale Up to 500%","0","0.00%","15",""
"Meta Viewport Zoom & Scaling Disabled","0","0.00%","15",""
"HTML Element Lang Attribute Value Must Be Valid","0","0.00%","15",""
"HTML Element Requires Lang Attribute","0","0.00%","15",""
"HTML Lang & XML Lang Value Should Match","0","0.00%","15",""
"Lang Attribute Requires Valid Value","0","0.00%","15",""
"Delayed Meta Refresh Must Not Be Used","0","0.00%","15",""
"Timed Meta Refresh Must Not Exist","0","0.00%","15",""
"Image Button Requires Alternate Text","0","0.00%","15",""
"Images Require Alternate Text","0","0.00%","15",""
"<object> Elements Require Alternate Text","0","0.00%","15",""
"Active <area> Elements Require Alternate Text","0","0.00%","15",""
"Alt Text Should Not Be Repeated As Text","0","0.00%","15",""
"Elements Marked role=img Require Alternate Text","0","0.00%","15",""
"SVG Images & Graphics Require Accessible Text","0","0.00%","15",""
"Server-Side Image Maps Must Not Be Used","0","0.00%","15",""
"<video> Elements Require <track> For Captions","0","0.00%","15",""
"<video> or <audio> Elements Must Not Auto-play","0","0.00%","15",""
"Buttons Require Discernible Text","0","0.00%","15",""
"Input Buttons Require Discernible Text","0","0.00%","15",""
"Inline Text Spacing Must Be Adjustable","0","0.00%","15",""
"Links Must Be Distinguishable","0","0.00%","15",""
"Links Require Discernible Text","0","0.00%","15",""
"Links With Same Accessible Name","0","0.00%","15",""
"Select Element Requires Accessible Name","0","0.00%","15",""
"Summary Elements Require Discernible Text","0","0.00%","15",""
"Deprecated <marquee> Element Must Not Be Used","0","0.00%","15",""
"<blink> Elements Deprecated & Must Not Be Used","0","0.00%","15",""
"Text Requires Higher Color Contrast Ratio","0","0.00%","15",""
"Text Requires Higher Color Contrast to Background","0","0.00%","15",""
"Touch Targets Require Sufficient Size & Spacing","0","0.00%","15",""
"Interactive Controls Must Not Be Nested","0","0.00%","15",""
"List Items Must Be Contained In List Elements","0","0.00%","15",""
"Lists Must Only Contain <li> Content Elements","0","0.00%","15",""
"<dl> Must Only Have Ordered <dt> & <dd> Groups","0","0.00%","15",""
"<dt> & <dd> Elements Must Be Contained by <dl>","0","0.00%","15",""
"<th> Element Requires Associated Data Cells","0","0.00%","15",""
"Table Header Attr Must Refer To Cell In Same Table","0","0.00%","15",""
"Table Headers Require Discernible Text","0","0.00%","15",""
"Table With Identical Summary & Caption Text","0","0.00%","15",""
"Scope Attribute Should Be Used Correctly On Tables","0","0.00%","15",""
""
"Custom Search"
"All","15","100.00%","15","Internal HTML pages with 2xx response"
""
"Custom Extraction"
"All","15","100.00%","15","Internal HTML pages with 2xx response"
""
"Custom JavaScript"
"All","15","100.00%","15","Internal HTML pages with 2xx response"
""
"Analytics"
"All","16","100.00%","16","Internal URLs with associated Google Analytics data"
"Sessions Above 0","0","0.00%","16","Internal URLs with associated Google Analytics data"
"Bounce Rate Above 70%","0","0.00%","16","Internal URLs with associated Google Analytics data"
"No GA Data","0","0.00%","16","Internal URLs with associated Google Analytics data"
"Non-Indexable with GA Data","0","0.00%","16","Internal URLs with associated Google Analytics data"
"Orphan URLs","0","0.00%","16","Internal URLs with associated Google Analytics data"
""
"Search Console"
"All","16","100.00%","16","Internal URLs with associated Google Search Console data"
"Clicks Above 0","0","0.00%","16","Internal URLs with associated Google Search Console data"
"No Search Analytics Data","0","0.00%","16","Internal URLs with associated Google Search Console data"
"Non-Indexable with Search Analytics Data","0","0.00%","16","Internal URLs with associated Google Search Console data"
"Orphan URLs","0","0.00%","16","Internal URLs with associated Google Search Console data"
"URL is Not on Google","0","0.00%","16","Internal URLs with associated Google Search Console data"
"Indexable URL Not Indexed","0","0.00%","16","Internal URLs with associated Google Search Console data"
"URL is on Google But Has Issues","0","0.00%","16","Internal URLs with associated Google Search Console data"
"User-Declared Canonical Not Selected","0","0.00%","16","Internal URLs with associated Google Search Console data"
"Page is Not Mobile Friendly","0","0.00%","16","Internal URLs with associated Google Search Console data"
"AMP URL Invalid","0","0.00%","16","Internal URLs with associated Google Search Console data"
"Rich Result Invalid","0","0.00%","16","Internal URLs with associated Google Search Console data"
""
"Validation"
"All","20","100.00%","20","Internal URLs with 2xx response"
"Invalid HTML Elements in <head>","0","0.00%","20","Internal URLs with 2xx response"
"<body> Element Preceding <html>","0","0.00%","20","Internal URLs with 2xx response"
"<head> Not First In <html> Element","0","0.00%","20","Internal URLs with 2xx response"
"Missing <head> Tag","0","0.00%","20","Internal URLs with 2xx response"
"Multiple <head> Tags","0","0.00%","20","Internal URLs with 2xx response"
"Missing <body> Tag","0","0.00%","20","Internal URLs with 2xx response"
"Multiple <body> Tags","0","0.00%","20","Internal URLs with 2xx response"
"HTML Document Over 2MB","0","0.00%","20","Internal URLs with 2xx response"
"Resource Over 2MB","0","0.00%","20","Internal URLs with 2xx response"
"High Carbon Rating","0","0.00%","20","Internal URLs with 2xx response"
""
"Link Metrics"
"All","16","100.00%","16","Internal HTML/PDF pages"
""
"AI"
"All","15","100.00%","15","Internal HTML URLs with 2xx response"
""
""
"Depth (Clicks from Start URL)"
"0","1","6.67%","15","Internal HTML pages with 2xx response"
"1","13","86.67%","15","Internal HTML pages with 2xx response"
"2","1","6.67%","15","Internal HTML pages with 2xx response"
"3","0","0.00%","15","Internal HTML pages with 2xx response"
"4","0","0.00%","15","Internal HTML pages with 2xx response"
"5","0","0.00%","15","Internal HTML pages with 2xx response"
"6","0","0.00%","15","Internal HTML pages with 2xx response"
"7","0","0.00%","15","Internal HTML pages with 2xx response"
"8","0","0.00%","15","Internal HTML pages with 2xx response"
"9","0","0.00%","15","Internal HTML pages with 2xx response"
"10+","0","0.00%","15","Internal HTML pages with 2xx response"
""
"Inlinks (Top 20 URLs)"
"https://familyvest-site-i2mbk0hmw-amnfaardvarks-projects.vercel.app/adv","15","100.00%","15","Internal HTML pages with 2xx response"
"https://familyvest-site-i2mbk0hmw-amnfaardvarks-projects.vercel.app/terms","15","100.00%","15","Internal HTML pages with 2xx response"
"https://familyvest-site-i2mbk0hmw-amnfaardvarks-projects.vercel.app/disclosures","15","100.00%","15","Internal HTML pages with 2xx response"
"https://familyvest-site-i2mbk0hmw-amnfaardvarks-projects.vercel.app/","15","100.00%","15","Internal HTML pages with 2xx response"
"https://familyvest-site-i2mbk0hmw-amnfaardvarks-projects.vercel.app/privacy","15","100.00%","15","Internal HTML pages with 2xx response"
"https://familyvest-site-i2mbk0hmw-amnfaardvarks-projects.vercel.app/contact","14","93.33%","15","Internal HTML pages with 2xx response"
"https://familyvest-site-i2mbk0hmw-amnfaardvarks-projects.vercel.app/get-started","11","73.33%","15","Internal HTML pages with 2xx response"
"https://familyvest-site-i2mbk0hmw-amnfaardvarks-projects.vercel.app/investment-management","11","73.33%","15","Internal HTML pages with 2xx response"
"https://familyvest-site-i2mbk0hmw-amnfaardvarks-projects.vercel.app/planning-retirement","11","73.33%","15","Internal HTML pages with 2xx response"
"https://familyvest-site-i2mbk0hmw-amnfaardvarks-projects.vercel.app/planning","11","73.33%","15","Internal HTML pages with 2xx response"
"https://familyvest-site-i2mbk0hmw-amnfaardvarks-projects.vercel.app/planning-business-exits","11","73.33%","15","Internal HTML pages with 2xx response"
"https://familyvest-site-i2mbk0hmw-amnfaardvarks-projects.vercel.app/planning-special-needs","11","73.33%","15","Internal HTML pages with 2xx response"
"https://familyvest-site-i2mbk0hmw-amnfaardvarks-projects.vercel.app/about","11","73.33%","15","Internal HTML pages with 2xx response"
"https://familyvest-site-i2mbk0hmw-amnfaardvarks-projects.vercel.app/blog","11","73.33%","15","Internal HTML pages with 2xx response"
"https://familyvest-site-i2mbk0hmw-amnfaardvarks-projects.vercel.app/autism-resource-navigator","3","20.00%","15","Internal HTML pages with 2xx response"
""
"Response Time (Seconds)","URLs","% of Total"
"1","19","100.00%"
