"Address","Occurrences","Title 1","Title 1 Length","Title 1 Pixel Width","Indexability","Indexability Status"
"https://familyvest-site-i2mbk0hmw-amnfaardvarks-projects.vercel.app/","1","FamilyVest | Wealth Management & Financial Planning | Destin, FL","64","590","Non-Indexable","Canonicalised,noindex"
"https://familyvest-site-i2mbk0hmw-amnfaardvarks-projects.vercel.app/privacy","1","Privacy Policy | FamilyVest","27","238","Non-Indexable","Canonicalised,noindex"
"https://familyvest-site-i2mbk0hmw-amnfaardvarks-projects.vercel.app/about","1","About | FamilyVest at Farther","29","261","Non-Indexable","Canonicalised,noindex"
"https://familyvest-site-i2mbk0hmw-amnfaardvarks-projects.vercel.app/blog","1","Blog & Resources | FamilyVest at Farther","40","362","Non-Indexable","Canonicalised,noindex"
"https://familyvest-site-i2mbk0hmw-amnfaardvarks-projects.vercel.app/planning-special-needs","1","Special Needs Planning | FamilyVest at Farther","46","418","Non-Indexable","Canonicalised,noindex"
"https://familyvest-site-i2mbk0hmw-amnfaardvarks-projects.vercel.app/planning-business-exits","1","Business Exit Planning | CEPA + CFA Advisor | FamilyVest at Farther","67","604","Non-Indexable","Canonicalised,noindex"
"https://familyvest-site-i2mbk0hmw-amnfaardvarks-projects.vercel.app/planning","1","Financial Planning | Comprehensive Wealth Planning | FamilyVest","63","584","Non-Indexable","Canonicalised,noindex"
"https://familyvest-site-i2mbk0hmw-amnfaardvarks-projects.vercel.app/disclosures","1","Disclosures | FamilyVest","24","218","Non-Indexable","Canonicalised,noindex"
"https://familyvest-site-i2mbk0hmw-amnfaardvarks-projects.vercel.app/planning-retirement","1","Retirement Planning | FamilyVest at Farther","43","391","Non-Indexable","Canonicalised,noindex"
"https://familyvest-site-i2mbk0hmw-amnfaardvarks-projects.vercel.app/terms","1","Terms of Use | FamilyVest","25","235","Non-Indexable","Canonicalised,noindex"
"https://familyvest-site-i2mbk0hmw-amnfaardvarks-projects.vercel.app/contact","1","Contact | FamilyVest at Farther","31","278","Non-Indexable","Canonicalised,noindex"
"https://familyvest-site-i2mbk0hmw-amnfaardvarks-projects.vercel.app/investment-management","1","Investment Management | FamilyVest at Farther","45","433","Non-Indexable","Canonicalised,noindex"
"https://familyvest-site-i2mbk0hmw-amnfaardvarks-projects.vercel.app/adv","1","ADV Part 2 | FamilyVest","23","213","Non-Indexable","Canonicalised,noindex"
"https://familyvest-site-i2mbk0hmw-amnfaardvarks-projects.vercel.app/get-started","1","Get Started | FamilyVest at Farther","35","311","Non-Indexable","Canonicalised,noindex"
"https://familyvest-site-i2mbk0hmw-amnfaardvarks-projects.vercel.app/autism-resource-navigator","1","Special Needs Resource Navigator | Autism & Disability Services Across 50 States | FamilyVest","93","841","Non-Indexable","Canonicalised,noindex"
